timestamp,state,temperature,vibration,current,ground_truth_failure
0,RUNNING,69.6829993091298,0.02038271280011026,10.952534714139093,0
1.0,RUNNING,67.53581271539183,0.02320554007163534,10.799451033534009,0
2.0,RUNNING,67.86295734073762,0.015697634210306087,10.204334531569637,0
3.0,RUNNING,70.52672149061068,0.026364841545569784,10.288703017258872,0
4.0,RUNNING,71.16120028489401,0.013771681692154166,9.124141749535159,0
5.0,RUNNING,72.39833693510984,0.03099176001858823,9.785665291625266,0
6.0,RUNNING,71.33050132749355,0.008158555734542074,10.875907359527941,0
7.0,RUNNING,70.64851092017659,0.018413981353802976,10.179738677696617,0
8.0,RUNNING,72.03628681468972,0.01968723417538396,9.9682141100644,0
9.0,RUNNING,75.2648804363045,0.01643837792153715,10.021924532361467,0
10.0,RUNNING,70.04158890111667,0.025971523637611085,9.544077506271128,0
11.0,RUNNING,70.32430015183027,0.020440272048619833,10.538649172820946,0
12.0,RUNNING,72.57860368632274,0.01307533814270035,9.220172528533054,0
13.0,RUNNING,72.30735443631016,0.0148201957993169,9.57580145094414,0
14.0,RUNNING,71.49191900990375,0.027785646056560358,10.170932143696488,0
15.0,RUNNING,72.65676749138052,0.016240968553272842,10.66335804160616,0
16.0,RUNNING,72.5811457610112,0.013763787583249802,9.742793981415947,0
17.0,RUNNING,71.87969142679052,0.015109738096198831,9.993037109815587,0
18.0,RUNNING,70.36128014576765,0.022135821597686137,9.902935246840764,0
19.0,RUNNING,72.4557603421854,0.02179356344680528,10.252353252573533,0
20.0,RUNNING,71.41616756806393,0.024218918045682988,10.356488023777956,0
21.0,RUNNING,69.37417709329155,0.022728587111489888,9.399425006637811,0
22.0,RUNNING,73.93155357817491,0.016174294927703503,9.987979578111096,0
23.0,RUNNING,67.53310087801553,0.021363853199150504,10.200528113654984,0
24.0,RUNNING,68.0745922615696,0.016300092994061176,9.455857486657337,0
25.0,RUNNING,70.615982045896,0.013830345733566285,9.901169466747369,0
26.0,RUNNING,70.09763462720578,0.01851346568122393,9.951820997893819,0
27.0,RUNNING,70.4420573854346,0.018346235152087838,9.655246161862017,0
28.0,RUNNING,68.80356465900006,0.023854084094752648,10.542194647017558,0
29.0,RUNNING,68.09758860811569,0.022598879407444972,9.908872580482562,0
30.0,RUNNING,71.53606964725073,0.01888110313227264,10.531833028378571,0
31.0,RUNNING,71.21466185298354,0.019177646630810202,10.887241414633907,0
32.0,RUNNING,73.23269543733497,0.020262431053356005,9.383716671584198,0
33.0,RUNNING,68.99349884727458,0.02016210583779393,10.1744490411267,0
34.0,RUNNING,73.91991684059248,0.024247222390566703,10.172908695720427,0
35.0,RUNNING,70.68648134082409,0.022406154221238574,10.269798398018672,0
36.0,RUNNING,71.58679002690715,0.017151061631004865,10.819900081789264,0
37.0,RUNNING,72.09774184530006,0.02071411909201335,10.842736307331151,0
38.0,RUNNING,68.5891742085981,0.019442517456162045,10.330195431061126,0
39.0,RUNNING,67.97097626285874,0.02383106499115106,10.556556602080203,0
40.0,RUNNING,70.462506455304,0.021570025333392192,9.974470123014148,0
41.0,RUNNING,73.0213745815975,0.029064189282174187,10.445741272654896,0
42.0,RUNNING,71.87224995706069,0.01908431360182113,10.728663656044878,0
43.0,RUNNING,67.97186471537997,0.01938318108369325,9.63004634871986,0
44.0,RUNNING,69.85198451762034,0.03405575106942943,10.056109018171524,0
45.0,RUNNING,67.12360257215056,0.017852904284388335,10.06243896740201,0
46.0,RUNNING,72.91164398222077,0.0190365452503708,9.483036352222069,0
47.0,RUNNING,69.1720729273079,0.020951399281468632,10.113426167487708,0
48.0,RUNNING,70.2089382932916,0.03038389337192003,10.175654489830478,0
49.0,RUNNING,70.47793040745083,0.01880691603409953,10.57570951104855,0
50.0,RUNNING,67.23326889587126,0.01571389813124764,10.737065162031547,0
51.0,RUNNING,70.44127578412932,0.014478011105700224,10.709106889751675,0
52.0,RUNNING,69.07566628522054,0.020830541867026788,10.105414870148465,0
53.0,RUNNING,74.20693687164365,0.022636453962102437,10.091047082607796,0
54.0,RUNNING,72.53893713505306,0.02495138498710999,9.315112694984942,0
55.0,RUNNING,67.3784098303864,0.022057710981047293,9.679146063522728,0
56.0,RUNNING,71.37948936002795,0.01807942139230765,11.034735390318751,0
57.0,RUNNING,71.83189717665839,0.01705696910829032,10.229771288864626,0
58.0,RUNNING,70.84083591546484,0.015984432778705163,9.013847300484212,0
59.0,RUNNING,68.57518138417907,0.011907585105895156,10.319877634681761,0
60.0,RUNNING,69.20265002093915,0.026888874956442314,10.973898966973616,0
61.0,RUNNING,68.04556507842716,0.015466476707321508,9.764920398538568,0
62.0,RUNNING,70.05387568382515,0.016903774711245236,9.458300766443719,0
63.0,RUNNING,72.41274452884633,0.027042441358751453,10.412801708906827,0
64.0,RUNNING,70.62852788837186,0.022025341085711116,10.483799942620493,0
65.0,RUNNING,67.6721569140374,0.016955965278392306,10.48751984569971,0
66.0,RUNNING,69.5857803220392,0.017261641416199604,10.870055718626809,0
67.0,RUNNING,72.60065768395089,0.02780521869238874,9.849104622322193,0
68.0,RUNNING,67.75317128508273,0.023455117116445427,9.99825269356806,0
69.0,RUNNING,70.66654598523695,0.019489159458731593,10.826782310020684,0
70.0,RUNNING,68.22990083792759,0.015566315645454227,11.138537038223534,0
71.0,RUNNING,70.93380365625346,0.02141527906300014,10.263641021221643,0
72.0,RUNNING,72.22797430590809,0.017696425492953936,10.027926082543509,0
73.0,RUNNING,70.48971404013358,0.023292272258509186,9.898739820507217,0
74.0,RUNNING,65.77315157363147,0.012614231416113062,10.131618916333855,0
75.0,RUNNING,72.94306135368512,0.009025215724186932,10.781564372755337,0
76.0,RUNNING,72.22144646235694,0.018888912456011465,9.863237669606143,0
77.0,RUNNING,70.46845673663525,0.02082634877643594,10.384374821694005,0
78.0,RUNNING,70.64343587251837,0.013156580756775206,10.120954055426658,0
79.0,RUNNING,69.54946166673005,0.01627337963720437,9.924878218711811,0
80.0,RUNNING,68.9904238884508,0.022198894752343913,10.677755734982085,0
81.0,RUNNING,69.48536419165879,0.017428374067279047,10.75508688963338,0
82.0,RUNNING,69.14345107048571,0.018526520591065188,10.316711190291928,0
83.0,RUNNING,73.88223845024872,0.021101248491261673,8.698761400577077,0
84.0,RUNNING,69.18938276436376,0.01922592116078994,10.368173165489202,0
85.0,RUNNING,70.45754563764736,0.026236534035149185,10.649832309212774,0
86.0,RUNNING,65.36593371277291,0.022814336568809383,10.36771898127799,0
87.0,RUNNING,68.87047092857027,0.022648773318558798,9.925620737115763,0
88.0,RUNNING,75.71258807184373,0.017082254437121438,10.01288673003938,0
89.0,RUNNING,71.96987926840457,0.020272135060558,10.886831567260923,0
90.0,RUNNING,73.3271000441024,0.02290206985042016,9.782845166985641,0
91.0,RUNNING,69.96373862335277,0.019807247169029762,9.184309149056755,0
92.0,RUNNING,71.4009971915929,0.02223935218823806,10.372700566450424,0
93.0,RUNNING,70.02271709060737,0.027298480483720106,9.80858241162882,0
94.0,RUNNING,71.21175620705104,0.021724933522009826,10.40360691166794,0
95.0,RUNNING,71.45194989403176,0.019956322131062607,9.956799249985554,0
96.0,RUNNING,69.88547140968977,0.011249845474366754,10.80109870914217,0
97.0,RUNNING,74.3636193541748,0.02872417678932926,10.809508768934576,0
98.0,RUNNING,69.19989819883843,0.019138538891585545,10.059834149108573,0
99.0,RUNNING,69.61142184470751,0.02098763926162912,9.72371089462928,0
100.0,RUNNING,67.6270869355371,0.018199461306839887,10.561580499586883,0
101.0,RUNNING,68.75278751529046,0.024079584085522687,10.407969168361555,0
102.0,RUNNING,72.25464660139303,0.014563754140081129,10.375299136037938,0
103.0,RUNNING,70.21778228819748,0.016780351476486693,10.000333338796523,0
104.0,RUNNING,68.67690163621603,0.030895241447871147,10.358596079597012,0
105.0,RUNNING,68.08021033644573,0.01713800959134719,10.77448314499564,0
106.0,RUNNING,67.54536741215941,0.013162414551591822,9.917089716324357,0
107.0,RUNNING,71.87736827118873,0.018830655316906378,10.844270154779597,0
108.0,RUNNING,71.65391879048386,0.02764428001075908,9.83139589802125,0
109.0,RUNNING,70.90884284603887,0.029805337865158068,10.291746715050996,0
110.0,RUNNING,69.15849864109508,0.020053652713501846,10.037948558447173,0
111.0,RUNNING,69.41728172820052,0.0156841357933834,11.300482090125902,0
112.0,RUNNING,69.31317566253797,0.01468301085882981,10.481593956414994,0
113.0,RUNNING,71.47293924501476,0.012940297579292815,11.017825416590775,0
114.0,RUNNING,65.958808792185,0.01946236975802046,10.08254401722137,0
115.0,RUNNING,69.85646234263059,0.025673869040148473,10.230121994513805,0
116.0,RUNNING,71.95662294221603,0.022713600227099673,10.251589075148457,0
117.0,RUNNING,69.49051200767265,0.009615818948995151,10.172161509468603,0
118.0,RUNNING,68.52912010278459,0.01920135516554403,9.888427278275472,0
119.0,RUNNING,71.63398331382147,0.018480987500763258,9.984708722241049,0
120.0,RUNNING,69.03325546419121,0.01840558690886205,9.572682931894027,0
121.0,RUNNING,70.72157101190922,0.02092911901631662,10.05243247691605,0
122.0,RUNNING,68.96256206225696,0.02742773697567953,10.45208117370739,0
123.0,RUNNING,72.60103213422828,0.01869256129592571,10.498054675899223,0
124.0,RUNNING,68.05390329447603,0.013350581137414384,10.543396344230615,0
125.0,RUNNING,72.17335326649517,0.0184493238331543,9.103550441106014,0
126.0,RUNNING,68.87161196447275,0.018963000731878617,10.77278346012024,0
127.0,RUNNING,72.0001273139237,0.01631879188963061,10.521449481426249,0
128.0,RUNNING,71.16781887395221,0.027059466209562816,10.768785181188717,0
129.0,RUNNING,72.8841425040068,0.013214468185832079,10.7503871299462,0
130.0,RUNNING,72.11215165252275,0.023164498138744116,10.179518100311054,0
131.0,RUNNING,69.4398222710827,0.015778576838098645,10.100932806436322,0
132.0,RUNNING,72.61823446159292,0.022496379957459258,10.961650370242394,0
133.0,RUNNING,66.97795913204911,0.01466446951500679,10.584449262327327,0
134.0,RUNNING,68.90835558364127,0.022081576605271488,10.71702230156358,0
135.0,RUNNING,70.68706912779595,0.02634791293632085,9.833911760218488,0
136.0,RUNNING,73.14168859542491,0.01458001674286816,11.199092707333579,0
137.0,RUNNING,66.87107338998946,0.01870990684598541,10.579721974301977,0
138.0,RUNNING,72.13979697187223,0.01605981566266694,10.190426651748375,0
139.0,RUNNING,68.2792910409367,0.019225012019929436,9.9130311465918,0
140.0,RUNNING,71.62392881330246,0.018571900325660126,10.522189863280113,0
141.0,RUNNING,68.03357859583366,0.018107979552584152,10.355576269363306,0
142.0,RUNNING,71.26033180616676,0.025769600864834978,10.375894374366343,0
143.0,RUNNING,67.5218517532422,0.02729478467138212,9.933243543326544,0
144.0,RUNNING,66.06428612229503,0.020522550462052827,10.756420888417304,0
145.0,RUNNING,69.47767979374844,0.01538583416604793,10.258777742324652,0
146.0,RUNNING,68.77262954271964,0.022580705391179182,10.140653888630743,0
147.0,RUNNING,71.72712141587037,0.013520864116578366,11.403718541735648,0
148.0,RUNNING,70.37074672227357,0.02284317811381589,10.4677412545927,0
149.0,RUNNING,66.9275708369315,0.029332650474927405,10.183462486584666,0
150.0,RUNNING,71.70738806308813,0.016499774340798058,10.93743905879031,0
151.0,RUNNING,73.26664318039923,0.02118804502126579,10.91819623999342,0
152.0,RUNNING,71.97963934984224,0.015913137159654738,10.270559047655533,0
153.0,RUNNING,69.11664328194331,0.026272457778801547,10.568262216490954,0
154.0,FAILURE,82.24012122995428,0.04857644754756621,10.826118386086762,1
155.0,FAILURE,79.33001244936648,0.03335463274720069,11.140472893396913,1
156.0,FAILURE,80.45489989528055,0.04508582093516862,10.952661078230326,1
157.0,FAILURE,80.44368496138898,0.04794531460957094,10.39044274770535,1
158.0,FAILURE,79.51639639592926,0.0720957479780801,9.862013907193313,1
159.0,FAILURE,79.98093349878357,0.05702828171646805,10.445488721805637,1
160.0,FAILURE,83.30280027615493,0.039610786797101526,10.195884251883784,1
161.0,FAILURE,81.18450198435542,0.05301939056234638,10.675698229607566,1
162.0,FAILURE,78.60346931510747,0.05073656363108753,10.412530204319149,1
163.0,FAILURE,78.03583163760146,0.06563074068836033,10.837311374109778,1
164.0,FAILURE,78.24095495542156,0.055021949350714514,10.513202046250939,1
165.0,FAILURE,80.3861093590211,0.07424177401099494,10.632386111973524,1
166.0,FAILURE,81.15415395200793,0.07077926846526746,10.541267324690786,1
167.0,FAILURE,75.5411825270193,0.05903940272869279,11.103338235940363,1
168.0,FAILURE,80.72066446218324,0.0292487630387804,10.05730892323569,1
169.0,FAILURE,80.28093398421868,0.05150335642526415,9.794132792096192,1
170.0,FAILURE,77.77278789249675,0.0430544002658512,11.006611156821002,1
171.0,FAILURE,79.9845444800261,0.06467945673473077,10.16756116874772,1
172.0,FAILURE,80.99715479604195,0.05914812090823335,10.024046119402836,1
173.0,FAILURE,80.1177433005629,0.038247905885829284,10.199336625989064,1
174.0,FAILURE,78.46072852510738,0.05121694436348383,10.913507330820556,1
175.0,FAILURE,81.84272830946041,0.05865898760261436,10.666073324805597,1
176.0,FAILURE,80.10030285923534,0.06437536582451753,10.81998536934159,1
177.0,FAILURE,76.51791336054227,0.07546192584114034,10.201089247637729,1
178.0,FAILURE,80.46748745622541,0.05110447700321147,9.858398233437258,1
179.0,FAILURE,81.76076275967323,0.06522333931425348,11.330317438916937,1
180.0,FAILURE,81.65141456618373,0.06790302725743155,9.890885946430044,1
181.0,FAILURE,81.64426429957751,0.060804249587363315,10.015046399896022,1
182.0,FAILURE,75.06452766904152,0.028159500857425766,10.513580773183365,1
183.0,FAILURE,80.45288214407198,0.04146457854719235,9.917206509657655,1
184.0,FAILURE,79.71693892821482,0.10769957213584211,10.697106742323122,1
185.0,FAILURE,81.84424713242764,0.06765117476010953,9.93261593317847,1
186.0,FAILURE,82.19325599134638,0.05586900847028024,10.004789457190798,1
187.0,FAILURE,82.85441769360415,0.0595777880926659,10.514889705074213,1
188.0,FAILURE,81.02942278944505,0.06037231740308506,10.35329779647832,1
189.0,FAILURE,79.58583251071765,0.06807298774997511,10.604848270485403,1
190.0,FAILURE,81.10256693978732,0.052280394060149254,11.094551442313854,1
191.0,FAILURE,77.72560870119928,0.08563253506018276,9.664364447437546,1
192.0,FAILURE,80.75921958291674,0.06827542154098243,9.789579529733324,1
193.0,FAILURE,81.06468663967915,0.055840626806891544,10.415352615497454,1
194.0,FAILURE,81.24481995689771,0.0634348302611692,9.91833709068566,1
195.0,FAILURE,78.44730842640352,0.05990334870422216,10.21843669218618,1
196.0,FAILURE,79.6067025084068,0.05245362487150108,10.055574846139331,1
197.0,FAILURE,79.35154347155724,0.07365590426645288,10.568134826837118,1
198.0,FAILURE,77.31397458823344,0.05789832475631945,10.726979731586122,1
199.0,FAILURE,79.16006683320303,0.060948295683309006,10.134626635100414,1
200.0,FAILURE,80.43101709757777,0.06979169055591514,10.21575043762211,1
201.0,FAILURE,80.61209627269882,0.05459432300523073,10.939164023537407,1
202.0,FAILURE,79.40338979441808,0.05887092099507849,10.291794104742094,1
203.0,FAILURE,79.07896307641832,0.0577146806096461,9.572372173036364,1
203.30236915341953,MAINTENANCE,68.80123776855727,0.004718918400538104,8.334130920520598,0
204.30236915341953,MAINTENANCE,67.70954807841785,0.010013287617403919,7.979443995254977,0
205.30236915341953,MAINTENANCE,68.51633543137002,0.011163407213719835,7.835018521036849,0
206.30236915341953,MAINTENANCE,66.04252909210184,0.006164218385803716,7.821691946521801,0
207.30236915341953,MAINTENANCE,68.48918197876185,0.007285544072189154,8.028175830505328,0
208.30236915341953,MAINTENANCE,67.22045197960384,0.008920097557015314,7.987471134749958,0
209.30236915341953,MAINTENANCE,70.33836241247067,0.010464528491946918,7.6769485712603664,0
210.30236915341953,MAINTENANCE,67.10576695042252,0.0033194736633154406,7.9717219119664335,0
211.30236915341953,MAINTENANCE,67.3889052027128,0.011311590910587541,8.049148837799304,0
212.30236915341953,MAINTENANCE,70.33244587779006,0.01155426464569296,7.495929324510438,0
213.30236915341953,MAINTENANCE,68.60378546404024,0.010316168468552333,7.702246670511071,0
214.30236915341953,MAINTENANCE,69.65492297977887,0.007812380535976323,8.654637452733569,0
215.30236915341953,MAINTENANCE,64.63615775479086,0.007666588347554605,7.817439808084151,0
216.30236915341953,MAINTENANCE,66.23801172071879,0.010253824420603904,7.962216743279507,0
217.30236915341953,MAINTENANCE,69.31550621729812,0.010499766529905093,7.734557126097219,0
218.30236915341953,RUNNING,71.4919785913084,0.015569128752265932,9.386891282660596,0
219.30236915341953,RUNNING,68.82754751971497,0.030487700681894617,10.843704732660033,0
220.30236915341953,RUNNING,72.33466455617976,0.022896600278588544,10.586743835592742,0
221.30236915341953,RUNNING,73.97762130254489,0.0186706020456532,10.52350934733924,0
222.30236915341953,RUNNING,72.19935454114363,0.01917789429362034,9.790517163931112,0
223.30236915341953,RUNNING,73.65124112248881,0.021566612367987972,10.349902206590896,0
224.30236915341953,RUNNING,68.678170234094,0.01309331039338547,10.058165794254565,0
225.30236915341953,RUNNING,72.31246015538238,0.016785525087067904,10.619274292564427,0
226.30236915341953,RUNNING,71.78263190519168,0.013942213077264048,9.555215516739459,0
227.30236915341953,RUNNING,69.64582694663873,0.01582222339183856,10.411530381309255,0
228.30236915341953,RUNNING,68.31583484517728,0.021966324112137184,10.666596074843952,0
229.30236915341953,RUNNING,69.89338555855505,0.014038158435942442,9.593419276563546,0
230.30236915341953,RUNNING,68.77975398859427,0.021006041790291016,9.37735352624073,0
231.30236915341953,RUNNING,67.98834948080615,0.020543053594717725,9.963920820031984,0
232.30236915341953,RUNNING,69.2814848237474,0.01945244462600512,9.661687503563625,0
233.30236915341953,RUNNING,71.399214093005,0.01892212886557784,10.406223240291784,0
234.30236915341953,RUNNING,72.51949292093387,0.03019502382423428,10.5001006619737,0
235.30236915341953,RUNNING,68.55082999983593,0.017295137954366113,10.502858447396811,0
236.30236915341953,RUNNING,73.65830607045703,0.021503615892430297,10.4829077932022,0
237.30236915341953,RUNNING,72.76752727808798,0.028855806127312075,10.440900322476,0
238.30236915341953,RUNNING,70.73261661735275,0.023706319008423123,9.513602350125275,0
239.30236915341953,RUNNING,69.51616880911784,0.026545215399202713,9.320578816066442,0
240.30236915341953,RUNNING,72.52996200059236,0.019596843339369764,8.341711888968302,0
241.30236915341953,RUNNING,72.03227208632421,0.017839220151880913,9.765713647917682,0
242.30236915341953,RUNNING,69.28358383429944,0.025269100384602283,9.618148389278844,0
243.30236915341953,RUNNING,71.2876494487656,0.020516983792199885,9.745471341980629,0
244.30236915341953,RUNNING,71.79731931145967,0.017738308446315177,9.775131173379835,0
245.30236915341953,RUNNING,67.77328985589601,0.025212322604198156,9.597680395413434,0
246.30236915341953,RUNNING,69.42980768532863,0.026038357914535744,9.723806627597156,0
247.30236915341953,RUNNING,73.86216734253857,0.02356208599157938,9.828461120554822,0
248.30236915341953,RUNNING,71.0818488541811,0.028858352073458736,10.538412765261125,0
249.30236915341953,RUNNING,70.205700916905,0.0248663350879461,10.387057810302602,0
250.30236915341953,RUNNING,72.32739679754516,0.024176516365066757,8.990354082297126,0
251.30236915341953,RUNNING,71.12424409165754,0.02534673298161552,10.48231199266921,0
252.30236915341953,RUNNING,72.32269748844548,0.02985606839643895,10.364087715935826,0
253.30236915341953,RUNNING,68.3540328119275,0.02280220903547735,10.85244862403042,0
254.30236915341953,RUNNING,70.4808792212439,0.011040963492063233,10.391958419338884,0
255.30236915341953,RUNNING,69.09300776516054,0.018343548694584974,10.165805235083887,0
256.30236915341953,RUNNING,70.31860780431842,0.023865890165375526,10.36574832444381,0
257.30236915341953,RUNNING,70.74659713643217,0.02610247343753787,9.87367935889858,0
258.30236915341953,RUNNING,71.57860196660411,0.01964477898877291,10.253786280796392,0
259.30236915341953,RUNNING,72.74159923412928,0.02204581910923727,9.720419739752224,0
260.30236915341953,RUNNING,65.47153757399037,0.018857858307047913,10.828608754392135,0
261.30236915341953,RUNNING,70.68119127931952,0.02289489554139414,9.417671918473154,0
262.30236915341953,RUNNING,68.98393976067719,0.021529351390419733,10.121632312933468,0
263.30236915341953,RUNNING,68.87230871945444,0.01900536796378821,10.224938803495743,0
264.30236915341953,RUNNING,69.69515973444824,0.018725435226767246,10.334164637363724,0
265.30236915341953,RUNNING,71.47243787226276,0.022770213419247783,9.798539838843572,0
266.30236915341953,RUNNING,70.5121468676246,0.017213573041477092,10.810218795757477,0
267.30236915341953,RUNNING,68.92532466102541,0.024438651350146744,10.491084514843568,0
268.30236915341953,RUNNING,71.61628078081802,0.024784062837210106,10.885052997786962,0
269.30236915341953,RUNNING,66.94683542483382,0.008113023537240135,10.26718195821024,0
270.30236915341953,RUNNING,71.46774652210516,0.027000571278201206,10.565543016861017,0
271.30236915341953,RUNNING,70.42847780863468,0.0221606490541469,10.126571745938584,0
272.30236915341953,RUNNING,68.8726368223192,0.021018864269293204,10.711746338809833,0
273.30236915341953,RUNNING,73.37854932850775,0.022931742787967804,9.794779057253018,0
274.30236915341953,RUNNING,67.93866005251719,0.020225512922441694,10.403686847689654,0
275.30236915341953,RUNNING,73.88209120831648,0.020822616312145853,10.53811658313317,0
276.30236915341953,RUNNING,72.23806822192206,0.022041321749307754,9.693126329404212,0
277.30236915341953,RUNNING,72.85594591385913,0.014347131098987751,10.192624351717676,0
278.30236915341953,RUNNING,68.00115806011343,0.010337760745334011,9.80897486195378,0
279.30236915341953,RUNNING,72.54324511004181,0.01998077397004294,10.591149915510803,0
280.30236915341953,RUNNING,70.31195401204684,0.01919509436328984,9.227137607886876,0
281.30236915341953,RUNNING,70.6130019585676,0.024144616348570513,9.910145818273003,0
282.30236915341953,RUNNING,69.95075985482197,0.023239166068119103,10.313302882189156,0
283.30236915341953,RUNNING,66.55099341298147,0.024095248331024804,9.478129687681696,0
284.30236915341953,FAILURE,79.97544163904894,0.03910839288053626,9.602752386809525,1
285.30236915341953,FAILURE,82.02339787976877,0.01970110101931176,11.050134734563992,1
286.30236915341953,FAILURE,81.12093180715644,0.02903865661808084,10.892371259157484,1
287.30236915341953,FAILURE,76.00591794180016,0.05427821569396086,10.448303792843703,1
288.30236915341953,FAILURE,80.87015077435423,0.03833588593288301,9.66790482447706,1
289.30236915341953,FAILURE,78.27530429013453,0.06325612646436055,10.37109330975693,1
290.30236915341953,FAILURE,81.26622648869102,0.05770401626152594,9.951582153036437,1
291.30236915341953,FAILURE,80.71323712219005,0.054777369677826246,11.707144527729296,1
292.30236915341953,FAILURE,77.98487521651349,0.07373769977206662,10.237424413024623,1
293.30236915341953,FAILURE,80.08202767120731,0.04767553181327623,9.86554397150626,1
294.30236915341953,FAILURE,80.71205039664198,0.05469332693558874,10.213073524189314,1
295.30236915341953,FAILURE,77.61264553090592,0.04802968585848887,10.01528619592887,1
296.30236915341953,FAILURE,79.64824055916884,0.07794132662108,11.050787889534142,1
297.30236915341953,FAILURE,78.03595121797633,0.0601494602742698,10.255283555168775,1
298.30236915341953,FAILURE,80.97449452678288,0.07628829508891902,9.800733659782601,1
299.30236915341953,FAILURE,80.4026076378448,0.05231973857761798,9.640611431282416,1
300.30236915341953,FAILURE,80.07154226997154,0.05644857692656833,9.873151181466715,1
301.30236915341953,FAILURE,79.6116379510096,0.06660145663056594,9.893219713112593,1
302.30236915341953,FAILURE,78.95099386620839,0.06540003905847698,9.67807394160047,1
303.30236915341953,FAILURE,78.14331601806407,0.06229713191799138,9.613201534911529,1
304.30236915341953,FAILURE,79.094659773966,0.053699887439203564,10.218431021805818,1
305.30236915341953,FAILURE,77.98712793096628,0.06616112822901464,10.331702450234683,1
306.30236915341953,FAILURE,76.47346724813714,0.06079865924612697,9.74748762740257,1
307.30236915341953,FAILURE,79.36475397019643,0.04941486503263791,10.524527053658277,1
308.30236915341953,FAILURE,81.38737435763646,0.05728631473153292,11.345404849468355,1
309.30236915341953,FAILURE,80.55670310187668,0.0711174664533919,9.600114504607804,1
310.30236915341953,FAILURE,78.05862447204883,0.04970569530834461,9.950895557667161,1
311.30236915341953,FAILURE,78.79195641684856,0.07565386222132342,10.207010109937668,1
312.30236915341953,FAILURE,78.87200248038856,0.07072010987209773,9.356333963649291,1
313.30236915341953,FAILURE,80.89419455933142,0.06329559671157609,9.825619161622079,1
314.30236915341953,FAILURE,82.6301979759978,0.09488153785382873,9.080540793204726,1
315.30236915341953,FAILURE,77.5030002015018,0.07606844518191447,10.772973503238532,1
316.30236915341953,FAILURE,78.82835057426553,0.050370352819101294,10.060819708552899,1
317.30236915341953,FAILURE,78.21931216612239,0.04104757653044555,9.812821606659371,1
318.30236915341953,FAILURE,79.50594564668471,0.08258660008556737,9.750631341390292,1
319.30236915341953,FAILURE,81.4819373653708,0.06732950349924939,10.117612054710326,1
320.30236915341953,FAILURE,82.5363746035273,0.048370627887556514,10.146328787652214,1
321.30236915341953,FAILURE,80.37243054392886,0.047938809312710315,9.883186384846125,1
322.30236915341953,FAILURE,77.94577245104648,0.06510579878772921,10.658207275874444,1
323.30236915341953,FAILURE,79.2758831700669,0.06983102653529977,10.206601261975463,1
324.30236915341953,FAILURE,80.4789404699298,0.05954228533996887,9.965810538651423,1
325.30236915341953,FAILURE,81.80562580825544,0.06465033299686854,10.918734715599118,1
326.30236915341953,FAILURE,78.02293251496064,0.08772623642545722,10.16639045653161,1
327.30236915341953,FAILURE,78.2176886491744,0.059888106677875065,9.659290396710213,1
328.30236915341953,FAILURE,77.63979836123127,0.06467013711400696,10.646442297894609,1
329.30236915341953,FAILURE,83.21717377672819,0.0564691571461403,10.319782818755765,1
330.30236915341953,FAILURE,83.56988781233272,0.07159366517427627,10.670653875752649,1
331.30236915341953,FAILURE,80.35824433923837,0.07137112753944912,10.079664465695,1
332.30236915341953,FAILURE,83.76973141495276,0.05972689849451554,9.871698945575847,1
333.30236915341953,FAILURE,80.51571966674001,0.07824139696455008,9.833608360266675,1
334.30236915341953,FAILURE,78.11525079595187,0.07150307637985334,9.801047524776692,1
335.30236915341953,FAILURE,77.60832535661332,0.044535040597618036,9.955328928347576,1
336.30236915341953,FAILURE,79.42408713705879,0.05485122602595591,10.423896644554167,1
337.30236915341953,FAILURE,84.33523108674551,0.06950602509587417,9.453796972814182,1
338.30236915341953,FAILURE,80.48565195488473,0.04945955576548762,9.789503380773962,1
339.30236915341953,FAILURE,79.60424814654229,0.06634166175374223,10.819310100603449,1
340.30236915341953,FAILURE,81.19965128895983,0.06635041421901312,10.869535895257542,1
341.30236915341953,FAILURE,79.31652390596791,0.08234160564793436,11.092119221102996,1
342.30236915341953,FAILURE,79.99319671400993,0.08036596994511971,10.29627413715023,1
343.30236915341953,FAILURE,75.99644126286147,0.06552879735892991,9.96875151573046,1
344.30236915341953,FAILURE,81.1529158352075,0.06956563186983314,10.833053343826268,1
345.30236915341953,FAILURE,79.43507077185278,0.04118685523384353,10.450056283192248,1
346.30236915341953,FAILURE,78.20791612074055,0.0524602047337095,11.510967842543693,1
347.30236915341953,FAILURE,81.01109892049776,0.050100588502192435,10.23094010404867,1
348.30236915341953,FAILURE,76.25091938327976,0.05139055897844558,10.21147758035757,1
349.30236915341953,FAILURE,80.10178363766444,0.06377691747165498,10.280791427645,1
350.30236915341953,FAILURE,81.87212273866736,0.06075082479351632,8.652482696518664,1
351.30236915341953,FAILURE,80.75059244353557,0.06511448935871432,10.568802527373727,1
352.30236915341953,FAILURE,80.42984295198433,0.05378184017253544,10.324073422652699,1
353.30236915341953,FAILURE,78.71957145371451,0.052250563774387145,10.525408022424104,1
354.30236915341953,FAILURE,77.21816396141709,0.055240868171302505,9.731470475869626,1
355.30236915341953,FAILURE,81.2098112027862,0.06860664395906149,9.720573078946025,1
356.30236915341953,FAILURE,79.79483394591098,0.05402000801993504,10.216787635660804,1
357.30236915341953,FAILURE,78.93923395944127,0.08064887534707443,10.006202748225506,1
358.30236915341953,FAILURE,81.10295204660702,0.05184933144790839,9.838443446715143,1
359.30236915341953,FAILURE,79.89056434752068,0.07227463196477475,10.184979127227745,1
360.30236915341953,FAILURE,82.15330313852573,0.06737242925206725,10.139690330423367,1
361.30236915341953,FAILURE,80.65249036557714,0.07509136025140398,9.782239124373396,1
362.30236915341953,FAILURE,78.91989360982379,0.08551722436161308,10.418581469204934,1
363.30236915341953,FAILURE,76.22520046467683,0.05569622516208882,10.45270124344126,1
364.30236915341953,FAILURE,80.50194911135969,0.04714151943538274,9.729852514815132,1
365.30236915341953,FAILURE,78.67575575149222,0.056027870522753966,9.684719316266397,1
366.30236915341953,FAILURE,82.6828158901422,0.06800223586075974,9.746219944117586,1
367.30236915341953,FAILURE,81.0915452337386,0.07565154829041244,9.59970524560114,1
368.30236915341953,FAILURE,79.87783048320598,0.08017197130553647,10.273940095926829,1
369.30236915341953,FAILURE,79.81796786671956,0.05610997631618109,9.743938538739803,1
370.30236915341953,FAILURE,78.03133012453836,0.039834599564831166,10.518533133790411,1
371.30236915341953,FAILURE,83.85375590971167,0.06020841641128853,10.317879706114683,1
372.30236915341953,FAILURE,81.77780096066792,0.0707559990086096,10.030452077608505,1
373.30236915341953,FAILURE,77.93163632820882,0.06710013767942319,10.025116620210497,1
374.30236915341953,FAILURE,80.60473571281403,0.05343139724026684,10.003065655988042,1
375.30236915341953,FAILURE,79.16225543333317,0.03454835239923272,10.21513417882754,1
375.6126455264752,RUNNING,68.21939832094394,0.01812059310039632,9.933008442112014,0
376.6126455264752,RUNNING,69.10174807953076,0.02684834765571693,9.00308744112103,0
377.6126455264752,RUNNING,66.32223433695967,0.020481520751106767,10.682160675235101,0
378.6126455264752,RUNNING,68.57542636986445,0.015679917223164055,9.483284974384345,0
379.6126455264752,FAILURE,78.24186201016276,0.058844481122690584,9.268780171144455,1
380.6126455264752,FAILURE,75.78281867727114,0.07333774759811146,8.65634329223681,1
381.6126455264752,FAILURE,82.23796987718666,0.0522485426727257,8.820708226863488,1
382.6126455264752,FAILURE,84.26260697601626,0.09147584186035798,9.464300081744126,1
383.6126455264752,FAILURE,80.49810882022983,0.05207979348948704,10.972389597796226,1
384.6126455264752,FAILURE,79.4744731355303,0.05391247466217957,9.40006714716549,1
385.6126455264752,FAILURE,77.49855227216642,0.05986699979894308,9.415745351597725,1
386.6126455264752,FAILURE,82.23891984290508,0.057486748432512114,9.488154662529741,1
387.6126455264752,FAILURE,82.12528594934878,0.06391399468159609,10.350402862452526,1
388.6126455264752,FAILURE,82.56654815968427,0.0602774760608626,9.666413050890883,1
389.6126455264752,FAILURE,83.29112039491491,0.07303449699236692,9.859685769615632,1
390.6126455264752,FAILURE,81.46722089032195,0.06795461769845879,10.459147737962477,1
391.6126455264752,FAILURE,78.32368031954198,0.059638838329643076,10.882749765630688,1
392.6126455264752,FAILURE,80.26807759886275,0.03890738943293975,10.373957318173282,1
393.6126455264752,FAILURE,79.53454120970908,0.05271387114047427,10.241954486832201,1
394.6126455264752,FAILURE,82.9165892697548,0.060149821817646054,10.340914566508596,1
395.6126455264752,FAILURE,78.5739690641614,0.050598552173109504,9.59414045454568,1
396.6126455264752,FAILURE,82.28175788927274,0.05270835329229315,10.302518319330078,1
397.6126455264752,FAILURE,78.92157204920912,0.07155302140623013,9.92735477410955,1
398.6126455264752,FAILURE,79.62147866186855,0.06225095797759951,10.202162732465014,1
399.6126455264752,FAILURE,80.87403224833182,0.06375791718305913,10.399767824671748,1
400.6126455264752,FAILURE,78.2546965747389,0.07758082775998769,9.807654555945023,1
401.6126455264752,FAILURE,81.43571751881682,0.07952276089729382,9.821493542838857,1
402.6126455264752,FAILURE,79.14061561121596,0.07327902528321899,10.568218478148236,1
402.7818424356434,RUNNING,70.25515889603679,0.017743012729470507,9.840516245823189,0
403.7818424356434,RUNNING,68.4452055758164,0.023892046553523078,10.136827710802292,0
404.7818424356434,RUNNING,68.18454905894309,0.01719680501290536,10.532766421127882,0
405.7818424356434,RUNNING,69.0338227119555,0.02261942725014612,11.845006451630727,0
406.7818424356434,RUNNING,72.268834994533,0.017797435179972326,9.805694881263548,0
407.7818424356434,RUNNING,70.47046549637071,0.022589192868640036,10.327971267546722,0
408.7818424356434,RUNNING,68.83566987145994,0.01876187501801452,9.736875209906792,0
409.7818424356434,RUNNING,72.0262170327016,0.019290136022050142,10.138992865985816,0
410.7818424356434,RUNNING,67.57009757158552,0.015970381019280208,10.394538731310847,0
411.7818424356434,RUNNING,69.18191082963595,0.02371546217398263,9.907449183604369,0
412.7818424356434,RUNNING,71.37008517741509,0.009437108293064158,9.816072782931576,0
413.7818424356434,RUNNING,70.49416114457904,0.01446837732247545,10.361819820788995,0
414.7818424356434,RUNNING,67.44570153657705,0.010145263336233074,9.954553595514598,0
415.7818424356434,RUNNING,69.30042619688682,0.023084026672643303,9.104360436877608,0
416.7818424356434,RUNNING,70.17094228251342,0.02107583644205704,9.995894718711606,0
417.7818424356434,MAINTENANCE,67.09119569641052,0.009607832811752183,8.855331256921994,0
418.7818424356434,MAINTENANCE,68.30888669423405,0.011320020608864351,8.07533760208198,0
419.7818424356434,MAINTENANCE,62.39254834426313,0.01253113284964744,8.611780429557802,0
420.7818424356434,MAINTENANCE,65.42503036066823,0.011851841041265156,7.706981148254458,0
421.7818424356434,MAINTENANCE,66.54249376957532,0.014736437748191077,8.461823869468654,0
422.7818424356434,MAINTENANCE,68.51343974455695,0.009123506145067123,8.957565461584847,0
423.7818424356434,MAINTENANCE,67.97048590517353,0.010559232873165937,8.491951721980005,0
424.7818424356434,MAINTENANCE,64.52164950295969,0.007154206014728697,8.19353037118919,0
425.7818424356434,MAINTENANCE,66.56984015986995,0.012589943564843485,8.34155247672763,0
426.7818424356434,MAINTENANCE,66.01909102775998,0.008057237510065898,8.010443835507935,0
427.7818424356434,MAINTENANCE,63.796396242542826,0.00793666959270357,7.730500753962408,0
428.7818424356434,MAINTENANCE,67.80622393973198,0.01175489252127089,7.565813483586632,0
429.7818424356434,MAINTENANCE,65.3146259798106,0.0074013004889347846,8.092717573251031,0
430.7818424356434,MAINTENANCE,67.95053778404198,0.01232347315476245,7.936304651314691,0
431.7818424356434,MAINTENANCE,64.85839150189872,0.009032317645657243,7.94476468133948,0
432.7818424356434,RUNNING,72.31337592079895,0.024159471338479246,10.22480576389658,0
433.7818424356434,RUNNING,69.19887752110168,0.02022938374799335,10.405248679281327,0
434.7818424356434,RUNNING,68.99194132412579,0.020326369466766747,9.964950232943691,0
435.7818424356434,RUNNING,69.3455579564518,0.020210203085887894,10.337611789400546,0
436.7818424356434,RUNNING,68.82199726867923,0.024124967681469645,10.138472714402726,0
437.7818424356434,RUNNING,71.68387553486421,0.02106485739713952,10.832179845313146,0
438.7818424356434,RUNNING,68.78413335562541,0.013123448058155247,10.072165197631257,0
439.7818424356434,RUNNING,65.08157822966112,0.01206872491446615,9.81245704904382,0
440.7818424356434,RUNNING,71.0902773568715,0.01587499640505921,10.676976402038672,0
441.7818424356434,RUNNING,67.92371188108989,0.020258299723691645,8.679046454604173,0
442.7818424356434,RUNNING,66.57073048447504,0.016083377382098186,9.659881525799463,0
443.7818424356434,RUNNING,72.445412765331,0.020218856816683003,9.263030957291996,0
444.7818424356434,RUNNING,68.54900042334802,0.01883000484896341,10.18711169828881,0
445.7818424356434,RUNNING,68.62337856741668,0.02182638002151229,10.408416282031002,0
446.7818424356434,RUNNING,64.7679786681529,0.02082614281744357,9.551865030098247,0
447.7818424356434,RUNNING,69.95690651991264,0.01946925395654663,9.93451493740151,0
448.7818424356434,RUNNING,72.16069487341619,0.01621043213468012,10.28686621338005,0
449.7818424356434,RUNNING,69.56919470716558,0.02135711924077697,10.28149611246061,0
450.7818424356434,RUNNING,69.67669577643062,0.033910514592319294,9.748689591398984,0
451.7818424356434,RUNNING,71.37801686337532,0.021686016214084544,9.614610445152033,0
452.7818424356434,RUNNING,66.97099803308387,0.028599088793170618,9.360329600713689,0
453.7818424356434,RUNNING,73.07709011950635,0.016555072195762632,10.315119109795642,0
454.7818424356434,RUNNING,72.31438098536981,0.020944489212418687,10.12536104989642,0
455.7818424356434,RUNNING,71.04152491656248,0.023700193147663775,9.932527569312876,0
456.7818424356434,RUNNING,73.7664035194975,0.019795845944954264,9.413391231723233,0
457.7818424356434,RUNNING,69.84365280801327,0.022706524403352996,10.103383156769016,0
458.7818424356434,RUNNING,68.3205533205829,0.016334158068574064,8.97386814087039,0
459.7818424356434,RUNNING,68.99527026538776,0.00935044844176803,10.372164307009172,0
460.7818424356434,RUNNING,65.64539192401155,0.02973369480483623,9.93219792896384,0
461.7818424356434,RUNNING,72.4317787138997,0.025566878901694148,9.847788400416368,0
462.7818424356434,RUNNING,69.19493099857166,0.022425298622543714,9.700952266362462,0
463.7818424356434,RUNNING,69.75017171628495,0.021998921421084346,10.458297509996271,0
464.7818424356434,RUNNING,70.49370333429154,0.015040619687451625,9.5446764296069,0
465.7818424356434,RUNNING,70.59208406254399,0.02249961451445577,10.44408178753344,0
466.7818424356434,RUNNING,72.07910826441677,0.01011414835115037,9.694969526930235,0
467.7818424356434,RUNNING,71.49260352535948,0.02124442312577005,9.37505317131119,0
468.7818424356434,RUNNING,70.7034523129627,0.013633315974575826,9.773381570320266,0
469.7818424356434,RUNNING,75.70738016447196,0.021970362323179914,10.264673612721232,0
470.7818424356434,RUNNING,72.13292304806495,0.024736029686275838,9.389913581541219,0
471.7818424356434,RUNNING,70.3791826584284,0.01446543550517135,10.233624721750715,0
472.7818424356434,RUNNING,71.08279544273098,0.030118921581133218,10.261600835020754,0
473.7818424356434,RUNNING,69.86883999244253,0.02510721243683849,9.827276658404513,0
474.7818424356434,RUNNING,68.62751600275031,0.015817307588804615,10.827303369377171,0
475.7818424356434,RUNNING,71.93665085624232,0.023704794164504904,9.821512231366675,0
476.7818424356434,RUNNING,70.48775838766913,0.022173060048090304,10.176141154837556,0
477.7818424356434,RUNNING,69.51310596171393,0.0263665744154742,10.589892538974377,0
478.7818424356434,RUNNING,70.97489952801486,0.020814156325086913,10.579312948426022,0
479.7818424356434,RUNNING,67.68207183101964,0.005890207683085229,10.456948364830536,0
480.7818424356434,RUNNING,70.18119790704631,0.030117722039628397,10.940679401681077,0
481.7818424356434,RUNNING,69.76163086807233,0.01606494337258658,9.158326331494985,0
482.7818424356434,RUNNING,69.91198200871261,0.012283392488432424,9.52240849668341,0
483.7818424356434,RUNNING,67.73291515679529,0.024181999832715413,10.524852946926247,0
484.7818424356434,RUNNING,71.81815491146772,0.017023026266419137,10.04712986441982,0
485.7818424356434,RUNNING,69.01887934443398,0.019543277828739273,9.695663562469576,0
486.7818424356434,RUNNING,67.23347335358784,0.013408957762972067,10.269473672118684,0
487.7818424356434,RUNNING,70.62682343920099,0.01422638930798473,10.183483782084044,0
488.7818424356434,RUNNING,65.90166044170032,0.02061674845953038,9.913934435070315,0
489.7818424356434,RUNNING,69.71501658243194,0.020463190202402108,9.710290654477303,0
490.7818424356434,RUNNING,69.59709717121434,0.027793372282875133,9.525927030334753,0
491.7818424356434,RUNNING,66.95257488716724,0.022479829262247706,9.72337574242121,0
492.7818424356434,RUNNING,73.81040905134209,0.010551557097123639,10.029972789504496,0
493.7818424356434,RUNNING,69.09225959176447,0.020376972255816538,10.382300883074468,0
494.7818424356434,RUNNING,71.72286676048738,0.02191048244659525,9.842684888421662,0
495.7818424356434,RUNNING,70.39821411183767,0.02347666185017568,10.41996832958195,0
496.7818424356434,RUNNING,70.80651507642254,0.027398944051174417,9.972833232607563,0
497.7818424356434,RUNNING,72.69713768743792,0.021106036793652277,10.373192629433317,0
498.7818424356434,RUNNING,73.7131625999259,0.016742088791410814,11.717978943124862,0
499.7818424356434,RUNNING,74.6122935848181,0.01920577497111577,9.76460731240287,0
500.7818424356434,RUNNING,69.82994778334168,0.024591428747801028,10.704525576191944,0
501.7818424356434,RUNNING,69.71586832802618,0.012641042915022343,9.996388614950307,0
502.7818424356434,RUNNING,71.87678642516919,0.022278271166609086,10.389204080153071,0
503.7818424356434,RUNNING,69.88712325582613,0.023065680255741395,10.657701614553687,0
504.7818424356434,RUNNING,68.23556955480214,0.022617721701033756,9.691368649411386,0
505.7818424356434,RUNNING,70.9708046307985,0.023445090215631095,10.281726669673375,0
506.7818424356434,RUNNING,70.427799363708,0.021789908318154826,11.019518902076511,0
507.7818424356434,RUNNING,69.30182950009458,0.02489667780684998,10.631280407497568,0
508.7818424356434,RUNNING,70.7096885500008,0.017827894683143393,9.707204399176256,0
509.7818424356434,RUNNING,72.37451327583017,0.016194920677003743,9.798346964160892,0
510.7818424356434,RUNNING,69.49813266602399,0.026099390620340543,9.965836134785755,0
511.7818424356434,RUNNING,69.75400705864689,0.018973941253897304,9.901961014802357,0
512.7818424356434,RUNNING,67.96753413196974,0.021558138467483168,10.439154193517185,0
513.7818424356434,RUNNING,70.91837978034398,0.01751895002491549,10.903797736873587,0
514.7818424356434,RUNNING,68.74050910492082,0.01775501854603064,10.11303155494033,0
515.7818424356434,RUNNING,68.72596666473785,0.024646638038300674,10.218026842629367,0
516.7818424356434,RUNNING,70.07961861793665,0.025399401542467066,11.272240018600195,0
517.7818424356434,RUNNING,71.64149751926043,0.024180188795125297,9.724095780324104,0
518.7818424356434,RUNNING,71.53913852025767,0.012737693901562017,10.881083685310028,0
519.7818424356434,RUNNING,70.01938631954697,0.01132790942855272,10.504260134044223,0
520.7818424356434,RUNNING,68.9068656014828,0.016981201125070153,10.435112411607367,0
521.7818424356434,RUNNING,70.67067730148074,0.01066324796127586,9.61475369243097,0
522.7818424356434,RUNNING,67.57997169322373,0.0204294240543856,10.088088518057464,0
523.7818424356434,RUNNING,68.32613088607688,0.014217260438888928,10.26497686090261,0
524.7818424356434,RUNNING,67.76649982054326,0.022821136857397627,9.724546561115387,0
525.7818424356434,RUNNING,73.40701384340804,0.02361659933136641,10.441568489669566,0
526.7818424356434,RUNNING,66.14761424613984,0.019199211483706017,10.530240485542599,0
527.7818424356434,RUNNING,70.11515234393482,0.013533017281603641,9.628956899546512,0
528.7818424356434,RUNNING,72.57974184465091,0.02823166412244134,10.103363173952424,0
529.7818424356434,RUNNING,70.37624416715578,0.020757193716401837,10.215657428800506,0
530.7818424356434,RUNNING,71.94392264539742,0.01618903938675316,10.263137688033073,0
531.7818424356434,RUNNING,70.74455788227218,0.021219924859754973,9.985583189902908,0
532.7818424356434,RUNNING,70.90981167157807,0.021703380899457593,9.817992362983805,0
533.7818424356434,RUNNING,71.15491737928825,0.020684883142171893,8.949878300906894,0
534.7818424356434,RUNNING,70.33435364054012,0.021390743476462734,9.929288463137366,0
535.7818424356434,RUNNING,70.11477072085086,0.008189455204323733,11.081012385151183,0
536.7818424356434,RUNNING,66.55378489648113,0.01991102897072493,10.712390438328987,0
537.7818424356434,RUNNING,68.63872393088201,0.01938922627095619,9.621849363211332,0
538.7818424356434,RUNNING,69.6569670507194,0.021626873657002194,11.249269376318894,0
539.7818424356434,RUNNING,71.92756965205017,0.015057055303492764,10.001736007629557,0
540.7818424356434,RUNNING,71.76797303354616,0.02163905246037484,10.041364941491937,0
541.7818424356434,RUNNING,66.92162370918332,0.015807091738816656,9.571900007179359,0
542.7818424356434,RUNNING,69.00824430709996,0.026002817694136683,10.896668774782698,0
543.7818424356434,RUNNING,72.98380964957218,0.022804760118253303,9.736471678632713,0
544.7818424356434,RUNNING,70.92389341698127,0.025715789747472816,10.547433760373341,0
545.7818424356434,RUNNING,71.0500328632256,0.011738422287466643,9.635009422287787,0
546.7818424356434,RUNNING,68.30233254198332,0.014854326134394975,10.986805947244028,0
547.7818424356434,RUNNING,68.33145262175483,0.016588021378332766,9.510492255930414,0
548.7818424356434,RUNNING,69.56755863505529,0.02417741251651646,11.045576703547017,0
549.7818424356434,RUNNING,68.89253172545067,0.029554703442970655,10.83364557731139,0
550.7818424356434,RUNNING,69.06843140351796,0.023471664704395725,10.864900670358123,0
551.7818424356434,RUNNING,72.5285104780253,0.026131647274889123,9.64066411384593,0
552.7818424356434,RUNNING,68.28797740155204,0.01135739572655086,10.565921752182676,0
553.7818424356434,RUNNING,68.55850995279215,0.019444327655220757,10.55585126768558,0
554.7818424356434,RUNNING,72.33734965678879,0.018011372461820788,9.929970407445358,0
555.7818424356434,RUNNING,67.31597365410951,0.031092388011366427,10.37837288342846,0
556.7818424356434,RUNNING,73.09435820551101,0.016966957478944944,9.892784058715382,0
557.7818424356434,RUNNING,65.64996480375662,0.018719999947261777,9.964798644948578,0
558.7818424356434,RUNNING,72.4421172893827,0.020459361618808975,10.453649901118519,0
559.7818424356434,RUNNING,71.16044132224218,0.019549518864479292,10.923619650094569,0
560.7818424356434,RUNNING,70.58893967307998,0.01142694657590973,10.152437349652814,0
561.7818424356434,RUNNING,69.39587757254832,0.022994889067135902,10.989853668504384,0
562.7818424356434,RUNNING,69.89322468121719,0.015621081306121243,9.786701283069746,0
563.7818424356434,RUNNING,71.9849332040494,0.029284835419772004,11.217629830442153,0
564.7818424356434,RUNNING,68.40625611145222,0.0182888377333347,10.073205131825107,0
565.7818424356434,RUNNING,74.16519471745757,0.024942137798274235,10.273702217411993,0
566.7818424356434,RUNNING,72.91687234274103,0.017154994000886596,10.81333338050676,0
567.7818424356434,RUNNING,70.0208546531337,0.019079265308383775,11.078305216125873,0
568.7818424356434,RUNNING,74.02661922173976,0.019835737919943013,9.859436430685768,0
569.7818424356434,RUNNING,70.75158686618462,0.024345953897093653,10.067948961238573,0
570.7818424356434,RUNNING,71.26582190259272,0.01905227075117632,10.759851619761767,0
571.7818424356434,RUNNING,71.03934818479894,0.011304876887096322,9.791579597454616,0
572.7818424356434,RUNNING,68.34786212957394,0.024839111684742447,10.863855701850474,0
573.7818424356434,RUNNING,70.7776256223145,0.01911692675140115,9.558531187817833,0
574.7818424356434,RUNNING,69.83714324647529,0.02203921689944674,11.261569637492379,0
575.7818424356434,RUNNING,70.6645403223454,0.017130703439033786,12.186629902502876,0
576.7818424356434,RUNNING,71.94184706651778,0.026009180642727347,10.624245964894325,0
577.7818424356434,RUNNING,70.75505744596342,0.020915871113192794,10.21496715849323,0
578.7818424356434,RUNNING,69.50743631753492,0.034319512573064107,9.993082284124394,0
579.7818424356434,RUNNING,71.80145405336874,0.022008261649910762,10.74767019411077,0
580.7818424356434,RUNNING,65.4909249790409,0.020867887024349097,9.842884476727232,0
581.7818424356434,RUNNING,71.83013620221347,0.01582673108072113,11.06684174173126,0
582.7818424356434,RUNNING,68.3769277472942,0.015108393536108423,10.088624963291014,0
583.7818424356434,RUNNING,67.42943759173023,0.02125935489681432,9.781036280118393,0
584.7818424356434,RUNNING,70.88256494114734,0.020683754468856445,10.965368479421038,0
585.7818424356434,RUNNING,71.251441864507,0.025075776889654528,9.658619961390627,0
586.7818424356434,RUNNING,65.18335438847312,0.022644926078556768,9.981185671593378,0
587.7818424356434,RUNNING,70.74456824495279,0.01844711310389079,9.983090543130775,0
588.7818424356434,RUNNING,67.89313879417884,0.019920083669883168,10.223287843198937,0
589.7818424356434,RUNNING,72.61463879829103,0.020760685682915073,10.927196976802975,0
590.7818424356434,RUNNING,71.22515726989162,0.021436002450959307,10.705531009119778,0
591.7818424356434,RUNNING,71.4737423532763,0.018440164805086857,10.70492932522983,0
592.7818424356434,RUNNING,69.15995396359482,0.026807727930504833,10.105727321515628,0
593.7818424356434,RUNNING,69.87004358256422,0.027205785891368826,9.836858358268909,0
594.7818424356434,RUNNING,69.33650085800882,0.02192356205485881,10.270921224205097,0
595.7818424356434,RUNNING,69.88546428133938,0.02781379480504851,10.697780436826994,0
596.7818424356434,RUNNING,64.30500231405915,0.013459503813440963,10.664174472144044,0
597.7818424356434,RUNNING,67.8344306810895,0.019882038782232183,10.374010661987617,0
598.7818424356434,RUNNING,72.20932444732973,0.01881787869297212,10.995685691592355,0
599.7818424356434,RUNNING,67.68564956610291,0.019487108395459342,10.222320560791458,0
600.7818424356434,RUNNING,73.22829908345697,0.020288204015065026,9.763560668290856,0
601.7818424356434,RUNNING,66.77185805581969,0.014368408085918495,10.566651077746068,0
602.7818424356434,RUNNING,69.07572702117699,0.020835842156995306,10.644324117377101,0
603.7818424356434,RUNNING,66.9507915785685,0.021091348625047576,10.484375300467285,0
604.7818424356434,RUNNING,67.1388679653625,0.021491711646215425,10.012131570890322,0
605.7818424356434,RUNNING,69.28949650474785,0.026208654647141113,11.445719659031603,0
606.7818424356434,RUNNING,70.65950129733302,0.028336593333883386,10.917278278085876,0
607.7818424356434,RUNNING,68.15303557054767,0.017696151641156416,9.914176641822285,0
608.7818424356434,RUNNING,72.46823977976194,0.01611098445428179,11.223594044651398,0
609.7818424356434,RUNNING,67.3382012890206,0.012535531136497254,10.773242241818076,0
610.7818424356434,RUNNING,70.06558815255158,0.015979314771951872,10.526878756906159,0
611.7818424356434,RUNNING,70.74239564213818,0.024214285984377207,11.039963377213521,0
612.7818424356434,RUNNING,70.88036188586754,0.011945517675347815,9.964436151011142,0
613.7818424356434,RUNNING,68.2024436632115,0.019237740449866536,10.943544984047978,0
614.7818424356434,RUNNING,69.60408376891368,0.022940199006350796,10.393455327739654,0
615.7818424356434,RUNNING,67.09003730983922,0.02358439514287486,10.938934562748896,0
616.7818424356434,RUNNING,71.03142892192818,0.023581107762538973,10.596614430000592,0
617.7818424356434,RUNNING,69.2017201123113,0.024935095727639033,9.419446884589917,0
618.7818424356434,RUNNING,72.79370628206503,0.016599265038032825,10.870041809186384,0
619.7818424356434,RUNNING,72.10066437809712,0.009356514725198281,11.288236676049511,0
620.7818424356434,RUNNING,69.63413031939244,0.022989420506581867,9.894626550037565,0
621.7818424356434,RUNNING,69.16715717363017,0.0202205295527525,10.860358573948801,0
622.7818424356434,RUNNING,71.59275687470236,0.02358706091311387,9.737882537633189,0
623.7818424356434,RUNNING,71.09752210260864,0.025419404543408363,11.577008284194495,0
624.7818424356434,RUNNING,67.04794427797528,0.02903394434260468,9.878582207839775,0
625.7818424356434,RUNNING,66.10184646042633,0.02047925397699468,10.22134185036567,0
626.7818424356434,RUNNING,67.9118768165946,0.023897154449979106,10.485709482550794,0
627.7818424356434,RUNNING,66.83876427341035,0.01641965384455237,10.068450479275635,0
628.7818424356434,RUNNING,65.8190201291054,0.01213024392177252,10.713622411091666,0
629.7818424356434,RUNNING,69.98571145625678,0.02304575498834137,9.901234115080051,0
630.7818424356434,RUNNING,72.03588395730254,0.016364178492529007,10.025312672202048,0
631.7818424356434,MAINTENANCE,68.09059896214066,0.010124309953602719,8.845812189050518,0
632.7818424356434,MAINTENANCE,70.85404240174098,0.010354950974491184,9.734126227925106,0
633.7818424356434,MAINTENANCE,70.96756285584621,0.006906596760825128,9.434285568586924,0
634.7818424356434,MAINTENANCE,70.21035462375762,0.013273006038355153,8.48057623053716,0
635.7818424356434,MAINTENANCE,64.55747350831423,0.01209464154963802,7.678075972147303,0
636.7818424356434,MAINTENANCE,62.97355227787425,0.005777261977129287,8.518096341722877,0
637.7818424356434,MAINTENANCE,68.7849096181132,0.010629268396756595,8.187522043365265,0
638.7818424356434,MAINTENANCE,69.93325884396423,0.008938756612152118,8.835643582681655,0
639.7818424356434,MAINTENANCE,68.97286698766344,0.013344055593970592,10.165534537835903,0
640.7818424356434,MAINTENANCE,66.60893906526769,0.007201451206632948,8.490281331457886,0
641.7818424356434,MAINTENANCE,64.4856083611487,0.010688530939622085,8.840262799435004,0
642.7818424356434,MAINTENANCE,64.44503713319521,0.012300209072647285,8.729914293317993,0
643.7818424356434,MAINTENANCE,65.15426407306096,0.00818715631887015,7.902310215116826,0
644.7818424356434,MAINTENANCE,67.64663778623994,0.012114128933408446,8.138229766079943,0
645.7818424356434,MAINTENANCE,71.11595742585884,0.005453163851888084,9.0724828500881,0
646.7818424356434,RUNNING,69.39210123706557,0.023989298617283012,9.68835722862151,0
647.7818424356434,RUNNING,73.78004379045454,0.02411639264209775,10.124354524227124,0
648.7818424356434,RUNNING,69.37623608979527,0.015879375386772886,10.204323869469686,0
649.7818424356434,RUNNING,70.29159716790917,0.020970736330307826,10.901929860088446,0
650.7818424356434,RUNNING,69.23191321568999,0.02626247870706615,9.387262118879045,0
651.7818424356434,RUNNING,68.60888183434992,0.02663435126110747,9.481550051718813,0
652.7818424356434,RUNNING,69.86206906599779,0.02210880873436611,9.89556589223584,0
653.7818424356434,RUNNING,70.33957368443983,0.011737218308532273,10.401648446025645,0
654.7818424356434,RUNNING,68.86101005392226,0.01974638477832175,9.811564011552056,0
655.7818424356434,RUNNING,66.8519471071671,0.02066107070838333,9.597253609880486,0
656.7818424356434,RUNNING,72.29444215088367,0.022323569863744487,10.112942872394406,0
657.7818424356434,RUNNING,71.00657736531419,0.014821768662270222,10.203876875454908,0
658.7818424356434,RUNNING,71.72001585849263,0.0215825982891184,10.20862312591833,0
659.7818424356434,RUNNING,70.41471731360632,0.015660906213611697,8.745659917006337,0
660.7818424356434,RUNNING,71.70818476245933,0.013078657401409751,10.228170727940048,0
661.7818424356434,RUNNING,69.2395543721488,0.019392297838787577,10.159515538490366,0
662.7818424356434,RUNNING,71.58329946912325,0.027558794376271484,9.986980204738856,0
663.7818424356434,RUNNING,71.14932604300063,0.017539873910259386,9.675402042703391,0
664.7818424356434,RUNNING,69.76405925941941,0.016409075233791724,9.650943173940288,0
665.7818424356434,RUNNING,69.27089598297819,0.021256493640924974,10.650563230618861,0
666.7818424356434,RUNNING,69.71971410604993,0.026190789865283753,9.746198324194859,0
667.7818424356434,RUNNING,72.88157237360618,0.020807272134832893,10.398924676771939,0
668.7818424356434,RUNNING,71.19954960042598,0.011913717119500013,8.958945165263348,0
669.7818424356434,RUNNING,70.58831464507205,0.020474164245079078,9.763927675404158,0
670.7818424356434,RUNNING,71.31170027150775,0.025421513251370584,9.643030988728832,0
671.7818424356434,RUNNING,68.88670731071588,0.019353377929450036,11.772312584129851,0
672.7818424356434,RUNNING,71.16588392362428,0.025311539422462302,10.609391397053384,0
673.7818424356434,RUNNING,67.40693689707024,0.021591508164721166,9.726995907554945,0
674.7818424356434,RUNNING,68.0299553117179,0.019938388002139994,10.779570552869554,0
675.7818424356434,RUNNING,69.98233092150406,0.02356322343780233,10.165349872543969,0
676.7818424356434,RUNNING,69.2769341220848,0.01459436634490046,11.075093586811976,0
677.7818424356434,RUNNING,67.91239531776931,0.0239854427669214,10.125184100376702,0
678.7818424356434,RUNNING,72.28678886891193,0.024541234624442153,10.741222080863807,0
679.7818424356434,RUNNING,69.09875702581314,0.020130189631886133,9.961029846603086,0
680.7818424356434,RUNNING,71.19649499538122,0.023173381376036528,10.428312859717005,0
681.7818424356434,RUNNING,71.53375265976227,0.01996020210888582,9.709802244055686,0
682.7818424356434,RUNNING,69.00232966036103,0.03448858062847403,10.351099673192879,0
683.7818424356434,RUNNING,70.50281786337543,0.02269326965188586,11.37388420820891,0
684.7818424356434,RUNNING,72.25145903491368,0.01992968370806056,9.524915176949634,0
685.7818424356434,RUNNING,71.07247020890489,0.014293174675508986,10.207782076492123,0
686.7818424356434,RUNNING,72.19586415385444,0.021827619693833074,9.627311850385741,0
687.7818424356434,RUNNING,71.8340662603887,0.025395110135630075,9.7214258498002,0
688.7818424356434,RUNNING,64.62599687807767,0.020484905800416505,10.550276757873853,0
689.7818424356434,RUNNING,71.42777199138544,0.012653273623810645,8.87415793462396,0
690.7818424356434,RUNNING,69.55587337765081,0.02048954586378556,9.921524994324056,0
691.7818424356434,RUNNING,70.54324152605581,0.021462978073342066,10.67287415435919,0
692.7818424356434,RUNNING,71.35122571522014,0.015736532870781327,9.35403589268861,0
693.7818424356434,RUNNING,71.63631000387299,0.01982562499352526,9.36338783360387,0
694.7818424356434,RUNNING,75.88358734781156,0.02396604228200069,10.772512929742723,0
695.7818424356434,RUNNING,71.97803981571101,0.02416513986624867,10.37263533112592,0
696.7818424356434,RUNNING,68.28959677695944,0.019642856938336412,9.863216281462837,0
697.7818424356434,FAILURE,80.55590843678964,0.06034006279478876,10.793961731508395,1
698.7818424356434,FAILURE,80.6396388813407,0.03437706276696839,10.195664406984344,1
699.7818424356434,FAILURE,82.31595015320896,0.0633406926350614,9.761583361626158,1
700.7818424356434,FAILURE,80.73569662367319,0.06459860887297379,9.873452359655056,1
701.7818424356434,FAILURE,81.66763810169964,0.05492358080245636,10.46687267595636,1
702.7818424356434,FAILURE,81.95478093973341,0.04419982271123444,10.31212987580269,1
703.7818424356434,FAILURE,80.47872425529853,0.06505973802698917,10.512918554282043,1
704.7818424356434,FAILURE,80.51367201082472,0.03458417926096372,9.065858002282134,1
705.7818424356434,FAILURE,82.83421597227698,0.05450663542556736,9.017529328273008,1
706.7818424356434,FAILURE,79.03089243687576,0.05537806715272453,10.169545791987632,1
707.7818424356434,FAILURE,81.15624244961857,0.057332291727969664,11.137042676430733,1
708.7332663765558,RUNNING,71.4907717316671,0.011424305408030043,9.507618935938275,0
709.7332663765558,RUNNING,72.1226927138549,0.017349098713411122,10.311591643996202,0
710.7332663765558,RUNNING,65.9546973889109,0.010861044853889402,10.33890880276542,0
711.7332663765558,RUNNING,74.05087078314922,0.012930034553656499,10.691418667775345,0
712.7332663765558,RUNNING,72.44880332466104,0.020770689839089602,9.643864895262281,0
713.7332663765558,RUNNING,70.74848219645392,0.020828848786616,9.95182985564378,0
714.7332663765558,RUNNING,67.3891590384918,0.02114093016764605,10.490991799647142,0
715.7332663765558,RUNNING,72.1226667538052,0.013202204945086357,10.509036593644016,0
716.7332663765558,RUNNING,71.03151398357295,0.011773221431697534,10.020963593445709,0
717.7332663765558,RUNNING,71.88429918980492,0.021653184242270133,9.189100337394391,0
718.7332663765558,RUNNING,69.73007895308635,0.020424537909065333,10.807874549183186,0
719.7332663765558,RUNNING,67.37716310335793,0.012221205315345223,9.872114232517644,0
720.7332663765558,RUNNING,69.67239562440116,0.028399754662943845,10.591660575951305,0
721.7332663765558,RUNNING,69.69275119392817,0.01267879406096244,10.618921202515256,0
722.7332663765558,RUNNING,70.1327363291339,0.02525969765100629,9.224569495046476,0
723.7332663765558,RUNNING,71.41177763994789,0.020378127385649186,9.632789840552533,0
724.7332663765558,RUNNING,70.67936850210371,0.025428271134151675,10.353946428005266,0
725.7332663765558,RUNNING,68.13759107822068,0.024151678935334812,9.062127333651269,0
726.7332663765558,RUNNING,68.55500132180187,0.018603580088393225,10.069291870764536,0
727.7332663765558,RUNNING,71.97011503807987,0.011117997644236814,9.300713226696196,0
728.7332663765558,RUNNING,69.71389125837037,0.021137852449542714,8.838863920761423,0
729.7332663765558,RUNNING,68.84498179994121,0.014914724851897713,10.695052878938194,0
730.7332663765558,RUNNING,66.76676368248292,0.019817638359208096,9.271074422155008,0
731.7332663765558,RUNNING,68.72007372774794,0.027431833801273127,10.516268078300413,0
732.7332663765558,RUNNING,70.14305456197056,0.017453541311795412,9.49307304629532,0
733.7332663765558,RUNNING,65.59309987005007,0.022437728137617987,10.037202979798707,0
734.7332663765558,RUNNING,69.29224482546056,0.02758987976302542,10.118683444747024,0
735.7332663765558,RUNNING,68.67972598802876,0.021851346577118232,9.570861699054493,0
736.7332663765558,RUNNING,72.68874773637717,0.01744227322902947,10.396098414171435,0
737.7332663765558,RUNNING,67.70218006140684,0.019693647234822337,10.58140767439595,0
738.7332663765558,RUNNING,71.46867614244712,0.019851030292965442,10.040540947171067,0
739.7332663765558,RUNNING,68.57126017087094,0.016173952741314026,10.09969147530611,0
740.7332663765558,RUNNING,67.85621822611695,0.02498270695318166,10.834350158732807,0
741.7332663765558,RUNNING,68.54658891773774,0.021336756988040703,10.54715678606942,0
742.7332663765558,RUNNING,71.52151553480368,0.021449960920576366,10.062591737364635,0
743.7332663765558,RUNNING,70.7361677943072,0.021645962343740843,10.464444242745135,0
744.7332663765558,RUNNING,66.64688356207768,0.02096967560563576,10.65781576229394,0
745.7332663765558,RUNNING,71.10414943710536,0.01925633701381805,10.920474897165047,0
746.7332663765558,RUNNING,73.08543729905305,0.01932468282601097,10.032681798134012,0
747.7332663765558,RUNNING,70.53601331221398,0.014994826651694777,9.689023469694124,0
748.7332663765558,RUNNING,72.423720507517,0.021907912251276872,10.059035228043792,0
749.7332663765558,RUNNING,69.93916270534315,0.022384287627400808,10.634830264635307,0
750.7332663765558,RUNNING,68.4476858396221,0.0161598314508273,9.975737770050754,0
751.7332663765558,RUNNING,70.07253261737421,0.018855044365481643,10.551571431015093,0
752.7332663765558,RUNNING,70.8311110139357,0.0238361886803652,10.254865460886888,0
753.7332663765558,RUNNING,69.02854941098455,0.020629392647574834,9.498129977403114,0
754.7332663765558,RUNNING,71.85038773257865,0.017870573461635328,9.363704477767474,0
755.7332663765558,RUNNING,68.41790313609314,0.021004286318887545,10.88189480998493,0
756.7332663765558,RUNNING,69.12799686634439,0.008943285898185858,9.92415915520139,0
757.7332663765558,RUNNING,71.10988112867167,0.017934966475130026,10.528770949014516,0
758.7332663765558,RUNNING,68.92791024221668,0.020907774838074454,10.009939928238094,0
759.7332663765558,RUNNING,68.70958392542691,0.021403296302688297,9.820333276325805,0
760.7332663765558,RUNNING,70.71314168503574,0.02156157602527836,9.225341866739015,0
761.7332663765558,RUNNING,67.20226460652752,0.025335263201238974,10.860200999844855,0
762.7332663765558,RUNNING,68.59869034929383,0.023895328223295154,10.268811562478868,0
763.7332663765558,RUNNING,68.80614176432627,0.019831795528247424,9.577745978485803,0
764.7332663765558,RUNNING,71.34924006683643,0.021409568950870657,10.830260789407074,0
765.7332663765558,RUNNING,69.87384144367371,0.014031409187117972,10.050373534353419,0
766.7332663765558,RUNNING,75.23795212585429,0.018232423718287476,11.423744967298894,0
767.7332663765558,RUNNING,67.92059983674389,0.012163995604455533,10.319625285684117,0
768.7332663765558,RUNNING,71.81445471327999,0.03198316095387037,10.665900833006813,0
769.7332663765558,RUNNING,73.18756349536892,0.025459665050056902,10.714327804692953,0
770.7332663765558,RUNNING,70.09888683989399,0.016377929470096534,10.301723595939341,0
771.7332663765558,RUNNING,68.40700400590809,0.020618704352063835,10.186752111421365,0
772.7332663765558,RUNNING,71.4080903837976,0.013377100620884676,10.462992179996562,0
773.7332663765558,RUNNING,71.84060227396367,0.013376805688519965,10.194482164236447,0
774.7332663765558,RUNNING,73.06797841092926,0.02337297841508262,10.739707089224437,0
775.7332663765558,RUNNING,67.16593764549813,0.016578819050119008,10.23787830192914,0
776.7332663765558,RUNNING,72.04564197568985,0.021294258364852735,10.139956901280764,0
777.7332663765558,RUNNING,65.48218265874976,0.013370337853594694,10.310601720173995,0
778.7332663765558,RUNNING,70.51288685067063,0.008782538656099511,9.841949701477628,0
779.7332663765558,RUNNING,71.0687161737556,0.01883521703798758,10.685869929117597,0
780.7332663765558,RUNNING,67.02802585235895,0.01238772421208484,10.728954868719374,0
781.7332663765558,RUNNING,70.098809440945,0.02140500473496107,10.938215290608685,0
782.7332663765558,RUNNING,69.28907028043913,0.015989998819374594,9.368041193229534,0
783.7332663765558,RUNNING,69.23086623977646,0.031826096587803124,10.114668466598227,0
784.7332663765558,RUNNING,68.89937101455672,0.019670800486125566,10.62351468975367,0
785.7332663765558,RUNNING,72.67657261899923,0.018109473434517243,9.348219306938892,0
786.7332663765558,RUNNING,66.65603372011125,0.024136557241748045,9.909481314855936,0
787.7332663765558,RUNNING,68.83619698532256,0.016540922341267066,9.774319500092671,0
788.7332663765558,RUNNING,68.26851448508368,0.015220435926613516,10.54523777313678,0
789.7332663765558,RUNNING,69.43728673160801,0.0222404926404452,10.684220436374769,0
790.7332663765558,RUNNING,70.7816806171858,0.028931193655317725,9.960916010932676,0
791.7332663765558,RUNNING,70.77223337381086,0.00664250718414203,10.269254507927208,0
792.7332663765558,RUNNING,64.83279052439005,0.02049133733654455,9.616780805980358,0
793.7332663765558,RUNNING,70.9516674447773,0.020291606470329092,10.205599987306634,0
794.7332663765558,RUNNING,71.98601439446695,0.008061473109047234,9.927249989823885,0
795.7332663765558,RUNNING,66.16290082709335,0.018223191296712217,10.785799078008397,0
796.7332663765558,RUNNING,68.81981787482347,0.026249983013626,9.718488108995869,0
797.7332663765558,RUNNING,69.14853382802191,0.027199317048955736,11.47771220912858,0
798.7332663765558,RUNNING,67.81132996845902,0.02422011269509208,11.120717843872187,0
799.7332663765558,RUNNING,69.8289452138161,0.02093337374682889,10.06046953442673,0
800.7332663765558,RUNNING,69.74379794346686,0.027997956269059966,10.171397957619329,0
801.7332663765558,RUNNING,67.7009931233324,0.018435310186771216,10.31906943126305,0
802.7332663765558,RUNNING,72.28197812846189,0.017170464611562974,10.927881519386633,0
803.7332663765558,RUNNING,73.11821431974298,0.025940546640314203,10.669175734255123,0
804.7332663765558,RUNNING,69.40257683542049,0.012857865005309103,10.291342381303691,0
805.7332663765558,RUNNING,68.99606384170423,0.02195609650071114,10.345667691770283,0
806.7332663765558,RUNNING,66.57056419297892,0.023800981996907444,10.140797141925137,0
807.7332663765558,RUNNING,71.29159179154433,0.026335211931298386,9.89238061038935,0
808.7332663765558,RUNNING,69.85801888311147,0.012990508960357115,10.241207510736265,0
809.7332663765558,RUNNING,68.44469073865903,0.024439324819883236,10.165607769959298,0
810.7332663765558,RUNNING,66.89369451890005,0.013896474072692752,10.160076847069409,0
811.7332663765558,RUNNING,70.76796956002623,0.02142597252153723,10.335518074448208,0
812.7332663765558,RUNNING,66.93907847673535,0.018307692804633503,9.926021458932604,0
813.7332663765558,RUNNING,67.36324344670223,0.020193547939436507,10.2979956480394,0
814.7332663765558,RUNNING,65.84191346748256,0.025002869646390324,10.60264043108402,0
815.7332663765558,RUNNING,66.57263184331245,0.01789396598144267,9.730364678515034,0
816.7332663765558,RUNNING,65.60433068598536,0.01998209047509057,10.456680768113083,0
817.7332663765558,RUNNING,73.18538478286881,0.02432186158690492,10.707905950096935,0
818.7332663765558,RUNNING,69.98074083031767,0.022388534427038496,10.939094648323808,0
819.7332663765558,RUNNING,66.08715186374093,0.012489573994161018,9.805180589965135,0
820.7332663765558,RUNNING,70.54860827531753,0.01345786117525508,10.355746008072071,0
821.7332663765558,RUNNING,68.35905805582138,0.02288699486395767,10.034957618964226,0
822.7332663765558,RUNNING,71.8598992812954,0.025746337042760168,9.97329801896892,0
823.7332663765558,RUNNING,70.91216788970605,0.02028964391486836,10.65467952459021,0
824.7332663765558,RUNNING,69.73867948984535,0.016645010139596,10.908318315421813,0
825.7332663765558,RUNNING,69.08281821045547,0.01785621455518816,10.962349727665314,0
826.7332663765558,RUNNING,67.44737453890616,0.02236461715011442,9.955534072146822,0
827.7332663765558,RUNNING,72.94569636123951,0.014121596226401122,10.467263884297955,0
828.7332663765558,RUNNING,71.31221919236478,0.01331314309665553,10.318299968502311,0
829.7332663765558,RUNNING,69.97554236966786,0.016578345252644636,10.384495678548522,0
830.7332663765558,RUNNING,69.64167827180785,0.01638746209013721,10.721246975666501,0
831.7332663765558,RUNNING,67.78733342608942,0.023182026447525716,9.806741652491066,0
832.7332663765558,RUNNING,69.52652131017388,0.025426940683379737,10.687153682857273,0
833.7332663765558,RUNNING,65.62620877695421,0.01525963320547254,10.303037529495953,0
834.7332663765558,RUNNING,69.7307079470393,0.02530567902740871,10.749693384943441,0
835.7332663765558,RUNNING,66.1992783077269,0.020910114827778315,9.983655599401498,0
836.7332663765558,RUNNING,69.38003481438815,0.022575797476997457,10.293050215200651,0
837.7332663765558,RUNNING,69.85238772051852,0.01752284891961187,10.847931458514712,0
838.7332663765558,RUNNING,67.51746684983851,0.02099094166890489,9.521752664614219,0
839.7332663765558,RUNNING,69.14632066549355,0.015899522384728915,10.523237723467613,0
840.7332663765558,RUNNING,69.8909386613662,0.013665526461782223,10.499565077573633,0
841.7332663765558,RUNNING,67.42727473842002,0.015059128731654223,10.052655454607526,0
842.7332663765558,RUNNING,68.6867430665372,0.012045928546027714,9.36685374577895,0
843.7332663765558,RUNNING,70.08584396600995,0.020013537876651107,10.575113587128687,0
844.7332663765558,RUNNING,69.69819723029737,0.024150265329236538,10.6158679120748,0
845.7332663765558,RUNNING,71.93658476712109,0.022794086905325854,11.267426101993825,0
846.7332663765558,MAINTENANCE,66.03094788228873,0.01017943558906914,8.761033108481888,0
847.7332663765558,MAINTENANCE,63.8433988459675,0.007167875752300908,8.11193396356671,0
848.7332663765558,MAINTENANCE,65.66188045998727,0.008649614225622427,7.951570354235404,0
849.7332663765558,MAINTENANCE,66.90837908828541,0.012763193374198683,8.917268345604166,0
850.7332663765558,MAINTENANCE,64.18405722677359,0.012214274842019753,8.564539634714565,0
851.7332663765558,MAINTENANCE,70.61065047082336,0.010423079127702772,8.359657810174289,0
852.7332663765558,MAINTENANCE,68.38014226207835,0.0071197603170984804,8.60946062025863,0
853.7332663765558,MAINTENANCE,62.52850569523598,0.012095285702176278,8.892753030552838,0
854.7332663765558,MAINTENANCE,63.95037913516366,0.012116881114023488,8.204897837994173,0
855.7332663765558,MAINTENANCE,65.70331849524128,0.009452879055764554,8.626233884537498,0
856.7332663765558,MAINTENANCE,63.8986879013093,0.010585437042499845,8.778485079855495,0
857.7332663765558,MAINTENANCE,69.1026623472448,0.006539163002993778,8.318630093856244,0
858.7332663765558,MAINTENANCE,69.00696036049739,0.01114664909858126,9.56081187781435,0
859.7332663765558,MAINTENANCE,69.40109546305462,0.008558326351681423,8.24291233184653,0
860.7332663765558,MAINTENANCE,65.88745044517435,0.01370056122790594,7.750231847837627,0
861.7332663765558,RUNNING,74.28599597978611,0.023658901436748054,10.085366760795466,0
862.7332663765558,RUNNING,67.97158232700504,0.02245332977351881,10.406676917174256,0
863.7332663765558,RUNNING,66.83880821433654,0.008251523715501037,10.58310592576836,0
864.7332663765558,RUNNING,71.9457610770418,0.010024286062277296,9.805300481022977,0
865.7332663765558,RUNNING,70.24014234576856,0.021666470838882713,9.217516513673164,0
866.7332663765558,RUNNING,72.06439740098473,0.024097463727631534,9.562024850061979,0
867.7332663765558,RUNNING,69.86612069465517,0.017620871726684334,9.934634009340362,0
868.7332663765558,RUNNING,72.46629030734793,0.022765856817985482,10.102291499884354,0
869.7332663765558,RUNNING,71.60572637872635,0.018714245421521482,10.286727245681199,0
870.7332663765558,RUNNING,68.57510326443192,0.02139220069030876,10.129634136344407,0
871.7332663765558,RUNNING,68.5729660030922,0.016271806645191282,10.184657279912775,0
872.7332663765558,RUNNING,71.75707319536005,0.018487996196090237,10.70553679126401,0
873.7332663765558,RUNNING,68.22939670670237,0.016741479218698563,10.004797746568856,0
874.7332663765558,RUNNING,70.5307916521826,0.019514975221064317,10.200143065211854,0
875.7332663765558,RUNNING,72.80810396246439,0.02153005667899003,11.212859142295732,0
876.7332663765558,RUNNING,67.32453682514188,0.024185446858991638,10.180088432215575,0
877.7332663765558,RUNNING,72.15798080977841,0.016494182600120717,10.437785723225053,0
878.7332663765558,RUNNING,67.07253083583207,0.024415832902851563,10.6713038082229,0
879.7332663765558,RUNNING,72.02419140610746,0.01634371328723742,10.129235768030123,0
880.7332663765558,RUNNING,68.6411961881317,0.018771706883274574,10.082451254610724,0
881.7332663765558,RUNNING,65.7129285400465,0.02502702395129326,9.773701702495288,0
882.7332663765558,RUNNING,73.98234741920685,0.015160784697746274,10.442206674926373,0
883.7332663765558,RUNNING,72.45873388108281,0.017310951947519138,10.840173360918927,0
884.7332663765558,RUNNING,70.88365938278514,0.021450838958117387,9.777588819420483,0
885.7332663765558,RUNNING,74.84671987935607,0.024261550851459097,9.393466647543574,0
886.7332663765558,RUNNING,69.30878076451529,0.00739160342273305,10.886439592613879,0
887.7332663765558,RUNNING,69.1565825209008,0.028076738280935442,10.10637019924834,0
888.7332663765558,RUNNING,71.35743542248007,0.014582836231429874,9.870802168671744,0
889.7332663765558,RUNNING,70.58249339774828,0.02348351662281269,10.79794648602373,0
890.7332663765558,RUNNING,71.1512861664711,0.01802735099774593,10.194096340375053,0
891.7332663765558,RUNNING,71.90475800955399,0.023032771810985123,9.959081887729951,0
892.7332663765558,RUNNING,69.7632142271972,0.022550052659585602,9.860154310947282,0
893.7332663765558,RUNNING,68.96201975970868,0.026037767933193356,9.483847979548319,0
894.7332663765558,RUNNING,68.32663150677844,0.015982379204740334,9.940302238526009,0
895.7332663765558,RUNNING,70.0441081974992,0.025855860110736407,9.008775575708606,0
896.7332663765558,RUNNING,69.28801424673735,0.023147718957991333,10.580760822659322,0
897.7332663765558,RUNNING,74.29388424244982,0.018168610365036766,10.481226850116375,0
898.7332663765558,RUNNING,67.69160014130918,0.015271995269285916,10.380643169642756,0
899.7332663765558,RUNNING,69.15179603175737,0.02129208853374281,10.90394544243623,0
900.7332663765558,RUNNING,66.85299364589713,0.02533910020764508,9.775305280127117,0
901.7332663765558,RUNNING,69.96505882313743,0.014324582761707564,10.08908493970321,0
902.7332663765558,RUNNING,73.84743661574487,0.020108033160909065,10.820425338400653,0
903.7332663765558,RUNNING,69.80942340029269,0.020370846541640973,9.845594343564002,0
904.7332663765558,RUNNING,70.43266914987484,0.02019084472710711,9.952739636827172,0
905.7332663765558,RUNNING,71.47119903448923,0.024472604479697017,10.387970824914802,0
906.7332663765558,RUNNING,69.09472734448711,0.01850186430010316,9.613699856578565,0
907.7332663765558,RUNNING,72.506104090028,0.020439534272418732,9.548856138692178,0
908.7332663765558,RUNNING,69.7554408552725,0.019553363818772092,10.347262696206016,0
909.7332663765558,RUNNING,66.82038565528163,0.01557154726189673,10.517090524638629,0
910.7332663765558,RUNNING,70.50038285767131,0.016482011000836117,9.931095468678024,0
911.7332663765558,RUNNING,71.85644349275978,0.016576563698944807,10.210297570144679,0
912.7332663765558,RUNNING,68.80593442443808,0.0265349475742258,10.33689007223177,0
913.7332663765558,RUNNING,68.62023660663117,0.01417526170184897,10.170887449174556,0
914.7332663765558,RUNNING,65.906781433497,0.02464206804975738,9.996932297977766,0
915.7332663765558,RUNNING,69.94179317341616,0.026023195807064747,10.31431694633219,0
916.7332663765558,RUNNING,67.86573386269994,0.02442064079270896,9.495560695594591,0
917.7332663765558,RUNNING,70.73257436619464,0.01557174513114652,9.829643798322136,0
918.7332663765558,RUNNING,70.41665990312451,0.021787989915047434,10.550893868419395,0
919.7332663765558,RUNNING,67.62474842600272,0.024430939543977764,10.110653030939549,0
920.7332663765558,RUNNING,72.26072581214397,0.017182837585407097,9.858215889859888,0
921.7332663765558,RUNNING,67.49941726188334,0.018557067908864126,9.310808487638496,0
922.7332663765558,RUNNING,69.2860898276392,0.01786069533074019,10.113289991086159,0
923.7332663765558,RUNNING,67.35240728657772,0.02272592908877353,10.363716535518947,0
924.7332663765558,RUNNING,71.13937317654164,0.028121388810171073,10.025263125242523,0
925.7332663765558,RUNNING,68.6223578723451,0.018335533406968845,9.94746961371694,0
926.7332663765558,RUNNING,70.83342138712428,0.019908041225705025,9.683370038978802,0
927.7332663765558,RUNNING,71.85079788087077,0.02541485971981042,10.453953619103531,0
928.7332663765558,RUNNING,73.76670886312351,0.01175120216686934,10.231472568040326,0
929.7332663765558,RUNNING,69.59331862077832,0.015614675778526765,11.29348243724771,0
930.7332663765558,RUNNING,71.24716569706139,0.02477473392068297,10.203215274740495,0
931.7332663765558,RUNNING,69.55997184545811,0.016151874829821136,10.512506129621997,0
932.7332663765558,RUNNING,68.34721077183626,0.02338284622702381,9.701816597204775,0
933.7332663765558,RUNNING,69.2533171447398,0.018171876618458455,10.417339887916313,0
934.7332663765558,RUNNING,68.13416522015261,0.017878359514944757,10.225846349258903,0
935.7332663765558,RUNNING,71.38725522173638,0.020531402624921327,10.629820096833642,0
936.7332663765558,RUNNING,70.66727285609257,0.02454615811657837,10.522637926903753,0
937.7332663765558,RUNNING,71.43552140323226,0.015579816574834964,9.892392979986452,0
938.7332663765558,RUNNING,71.14688642815669,0.017650672551610267,10.044153126060957,0
939.7332663765558,RUNNING,72.61062651835189,0.014886723303028704,10.33463729758163,0
940.7332663765558,RUNNING,69.30565028529962,0.019340968394925842,10.394561688039225,0
941.7332663765558,RUNNING,71.21903811226682,0.027589674209237566,10.326756769538413,0
942.7332663765558,RUNNING,71.73150417173125,0.014862012245693793,10.127300022484285,0
943.7332663765558,RUNNING,72.3010048136072,0.021348976514404913,9.747796749668979,0
944.7332663765558,RUNNING,68.54305802897083,0.020136037136657344,10.467516680833402,0
945.7332663765558,RUNNING,71.9247857906782,0.01878652872248654,10.323805875704643,0
946.7332663765558,RUNNING,69.87977237200762,0.020461339432628286,10.59343375592699,0
947.7332663765558,RUNNING,68.610068023706,0.013610690335617761,10.773502404855362,0
948.7332663765558,RUNNING,68.41380704973557,0.012687391609609636,9.951244655576067,0
949.7332663765558,RUNNING,67.90302921172443,0.027324603103392204,9.809461406217153,0
950.7332663765558,RUNNING,66.79651412129043,0.023990720019165836,10.579550805388878,0
951.7332663765558,RUNNING,68.64656461478604,0.019781831008891464,9.35191106332781,0
952.7332663765558,RUNNING,67.89769301097567,0.023738804945068505,10.458992697118692,0
953.7332663765558,RUNNING,69.54578044263401,0.02091206834570268,10.945623939569048,0
954.7332663765558,RUNNING,73.68873168140472,0.02673778886007846,10.714823506018481,0
955.7332663765558,RUNNING,68.37768703297851,0.010326261360776062,10.013537970847311,0
956.7332663765558,RUNNING,69.32502527330175,0.02177620438694579,9.683127756054926,0
957.7332663765558,RUNNING,69.58656054457933,0.021101408758011052,11.515464245821295,0
958.7332663765558,RUNNING,70.48776562955432,0.019200064124391823,11.065970550892063,0
959.7332663765558,RUNNING,70.62858103042299,0.02016226072636461,10.571198076414197,0
960.7332663765558,RUNNING,67.60961257661349,0.0275012610406948,9.924503644478115,0
961.7332663765558,RUNNING,70.2624555410534,0.022398421636950064,10.207072858982306,0
962.7332663765558,RUNNING,68.1395432859253,0.022907811404440426,10.497474734226346,0
963.7332663765558,RUNNING,69.21670836224602,0.01762654605128415,10.961433131184119,0
964.7332663765558,RUNNING,70.44536161038336,0.028144876737065287,10.441037274696022,0
965.7332663765558,RUNNING,69.87516382879419,0.02433986886502199,10.506803739314222,0
966.7332663765558,RUNNING,68.47032491533254,0.020578770607120316,10.402264825853504,0
967.7332663765558,RUNNING,69.90441582281025,0.015151615372652565,10.691417683979708,0
968.7332663765558,RUNNING,68.99866331143285,0.010650960974838966,9.506794097656808,0
969.7332663765558,RUNNING,70.07418815141239,0.018920497291337015,10.328926112019925,0
970.7332663765558,RUNNING,69.50687790006947,0.01701698258833041,9.964350198217874,0
971.7332663765558,RUNNING,70.52878442652505,0.0172874128706005,10.285174137148253,0
972.7332663765558,RUNNING,70.34943679115608,0.015865406110881723,9.793238282947705,0
973.7332663765558,RUNNING,70.40315373516479,0.0259969913363192,11.445958310613134,0
974.7332663765558,RUNNING,71.08303102800487,0.025901017987762922,10.283319336594971,0
975.7332663765558,RUNNING,70.86909311703059,0.017375159783488074,11.139633033893737,0
976.7332663765558,RUNNING,71.67921089906844,0.025101779375121737,11.460145556103607,0
977.7332663765558,RUNNING,70.19953185836259,0.02722583666482338,9.781817793959627,0
978.7332663765558,RUNNING,71.79396889679022,0.024261480125202742,10.843631448085373,0
979.7332663765558,RUNNING,68.09936751718283,0.01937368032940914,10.399674117318805,0
980.7332663765558,RUNNING,67.10074615067236,0.015908648133306467,10.539721494060524,0
981.7332663765558,RUNNING,66.30339008775796,0.023906416108079843,9.980153894154453,0
982.7332663765558,RUNNING,72.21726617767739,0.026450738942128457,10.198897097033418,0
983.7332663765558,RUNNING,71.05255929396431,0.019320072026795643,10.360139086186688,0
984.7332663765558,RUNNING,68.73818598612975,0.0231822861633432,10.505901052189795,0
985.7332663765558,RUNNING,69.22171484736663,0.021849830682489545,9.872937511076122,0
986.7332663765558,RUNNING,68.07367454690464,0.022524245340851796,10.736736148908605,0
987.7332663765558,RUNNING,69.14498440300962,0.015497396773654373,10.839169556243709,0
988.7332663765558,RUNNING,67.71210518229549,0.02909587863282702,10.021818317128838,0
989.7332663765558,RUNNING,68.97204335223543,0.014187406176010785,10.478091230699276,0
990.7332663765558,RUNNING,70.79534539611832,0.02334796857838344,10.329202798729781,0
991.7332663765558,RUNNING,67.22478265292726,0.01567410273390592,9.925311046826712,0
992.7332663765558,RUNNING,71.42600954372342,0.017155632706106223,10.171630042935137,0
993.7332663765558,FAILURE,80.02389673969519,0.09556603113084883,11.047287222700648,1
994.7332663765558,FAILURE,79.32698807175997,0.06014705971471815,10.137727091730799,1
995.7332663765558,FAILURE,79.80791950740291,0.07157259689576229,9.655887909138638,1
996.7332663765558,FAILURE,82.26616949213076,0.08752931330201313,9.722602557910628,1
997.7332663765558,FAILURE,76.21649221976023,0.03506968016721977,10.216000365326693,1
998.7332663765558,FAILURE,78.74829156448554,0.04888519837353184,10.206183479944087,1
999.7332663765558,FAILURE,77.28406035699477,0.03916924752557568,10.089109065508888,1
